{"cameraMode":{"drawMode":0,"name":"Shaded","section":"Shading Mode"},"sceneLighting":false,"audioPlay":false,"sceneViewState":{"showFog":true,"showMaterialUpdate":true,"showSkybox":false,"showFlares":true,"showImageEffects":true,"showParticleSystems":true},"in2DMode":false,"pivot":{"x":5.180828094482422,"y":-2.9776086807250978,"z":11.74731159210205},"rotation":{"x":0.036239802837371829,"y":0.4944745600223541,"z":-0.020655380561947824,"w":0.8684345483779907},"size":10.0,"orthographic":false}