{"cameraMode":{"drawMode":0,"name":"Shaded","section":"Shading Mode"},"sceneLighting":false,"audioPlay":false,"sceneViewState":{"showFog":true,"showMaterialUpdate":true,"showSkybox":false,"showFlares":true,"showImageEffects":true,"showParticleSystems":true},"in2DMode":false,"pivot":{"x":0.5459005832672119,"y":1.1436084508895875,"z":-2.395000457763672},"rotation":{"x":-0.05673442780971527,"y":0.927272379398346,"z":-0.33513200283050539,"w":-0.15697620809078217},"size":1.4353536367416382,"orthographic":false}