{"cameraMode":{"drawMode":0,"name":"Shaded","section":"Shading Mode"},"sceneLighting":true,"audioPlay":false,"sceneViewState":{"showFog":true,"showMaterialUpdate":false,"showSkybox":true,"showFlares":true,"showImageEffects":true,"showParticleSystems":true},"in2DMode":false,"pivot":{"x":-1.0234827995300294,"y":-19.79161262512207,"z":22.824262619018556},"rotation":{"x":-0.3342720568180084,"y":-0.0005320098134689033,"z":0.00024860588018782437,"w":-0.942543625831604},"size":21.453693389892579,"orthographic":false}