{"cameraMode":{"drawMode":0,"name":"Shaded","section":"Shading Mode"},"sceneLighting":true,"audioPlay":false,"sceneViewState":{"showFog":true,"showMaterialUpdate":true,"showSkybox":false,"showFlares":true,"showImageEffects":true,"showParticleSystems":true},"in2DMode":false,"pivot":{"x":104.79759979248047,"y":-3.9996442794799806,"z":61.41238021850586},"rotation":{"x":0.12359066307544708,"y":0.8240947127342224,"z":-0.1972188800573349,"w":0.5164316296577454},"size":32.739830017089847,"orthographic":false}