{"cameraMode":{"drawMode":0,"name":"Shaded","section":"Shading Mode"},"sceneLighting":false,"audioPlay":false,"sceneViewState":{"showFog":true,"showMaterialUpdate":true,"showSkybox":false,"showFlares":true,"showImageEffects":true,"showParticleSystems":true},"in2DMode":false,"pivot":{"x":2.384185791015625e-7,"y":1.0851192474365235,"z":-0.09773322194814682},"rotation":{"x":-0.06017288565635681,"y":-0.9344004988670349,"z":0.1906900405883789,"w":-0.29489806294441225},"size":1.5632555484771729,"orthographic":false}