{"cameraMode":{"drawMode":0,"name":"Shaded","section":"Shading Mode"},"sceneLighting":true,"audioPlay":false,"sceneViewState":{"showFog":true,"showMaterialUpdate":false,"showSkybox":true,"showFlares":true,"showImageEffects":true,"showParticleSystems":true},"in2DMode":false,"pivot":{"x":-0.6224508881568909,"y":-5.47454833984375,"z":9.131036758422852},"rotation":{"x":-0.2900855541229248,"y":0.0034401430748403074,"z":-0.0010537552880123258,"w":-0.9570189714431763},"size":14.2210054397583,"orthographic":false}