{"cameraMode":{"drawMode":0,"name":"Shaded","section":"Shading Mode"},"sceneLighting":true,"audioPlay":false,"sceneViewState":{"showFog":true,"showMaterialUpdate":false,"showSkybox":true,"showFlares":true,"showImageEffects":true,"showParticleSystems":true},"in2DMode":false,"pivot":{"x":-1.4999990463256837,"y":0.9022648334503174,"z":-4.4783759117126469},"rotation":{"x":0.0508103147149086,"y":0.9375221133232117,"z":-0.3073866665363312,"w":0.1552940160036087},"size":1.339775562286377,"orthographic":false}