{"cameraMode":{"drawMode":0,"name":"Shaded","section":"Shading Mode"},"sceneLighting":true,"audioPlay":false,"sceneViewState":{"showFog":true,"showMaterialUpdate":true,"showSkybox":true,"showFlares":true,"showImageEffects":true,"showParticleSystems":true},"in2DMode":false,"pivot":{"x":11.59070873260498,"y":4.327726364135742,"z":67.20381927490235},"rotation":{"x":-0.18221434950828553,"y":-0.7954169511795044,"z":0.2913912534713745,"w":-0.49981454014778139},"size":7.235421180725098,"orthographic":false}