{"cameraMode":{"drawMode":0,"name":"Shaded","section":"Shading Mode"},"sceneLighting":true,"audioPlay":false,"sceneViewState":{"showFog":true,"showMaterialUpdate":true,"showSkybox":true,"showFlares":true,"showImageEffects":true,"showParticleSystems":true},"in2DMode":false,"pivot":{"x":72.58545684814453,"y":-19.46660614013672,"z":39.044395446777347},"rotation":{"x":0.12329911440610886,"y":0.844892144203186,"z":-0.22105266153812409,"w":0.4712635278701782},"size":41.71630859375,"orthographic":false}