{"cameraMode":{"drawMode":0,"name":"Shaded","section":"Shading Mode"},"sceneLighting":true,"audioPlay":false,"sceneViewState":{"showFog":true,"showMaterialUpdate":true,"showSkybox":true,"showFlares":true,"showImageEffects":true,"showParticleSystems":true},"in2DMode":false,"pivot":{"x":72.4332504272461,"y":-226.33941650390626,"z":-13.965145111083985},"rotation":{"x":0.2879648804664612,"y":0.6995057463645935,"z":-0.37990066409111025,"w":0.5327164530754089},"size":143.81947326660157,"orthographic":false}