{"cameraMode":{"drawMode":0,"name":"Shaded","section":"Shading Mode"},"sceneLighting":true,"audioPlay":false,"sceneViewState":{"showFog":true,"showMaterialUpdate":false,"showSkybox":true,"showFlares":true,"showImageEffects":true,"showParticleSystems":true},"in2DMode":false,"pivot":{"x":6.725582599639893,"y":-17.15233039855957,"z":22.409841537475587},"rotation":{"x":-0.3287028968334198,"y":-0.12081658840179444,"z":0.04243667796254158,"w":-0.9357391595840454},"size":20.22369956970215,"orthographic":false}