{"cameraMode":{"drawMode":0,"name":"Shaded","section":"Shading Mode"},"sceneLighting":false,"audioPlay":false,"sceneViewState":{"showFog":true,"showMaterialUpdate":true,"showSkybox":false,"showFlares":true,"showImageEffects":true,"showParticleSystems":true},"in2DMode":false,"pivot":{"x":2.384185791015625e-7,"y":1.0851192474365235,"z":-0.09773322194814682},"rotation":{"x":-0.0773354321718216,"y":0.884684145450592,"z":-0.1585301011800766,"w":-0.43159791827201846},"size":1.5632555484771729,"orthographic":false}