{"cameraMode":{"drawMode":0,"name":"Shaded","section":"Shading Mode"},"sceneLighting":true,"audioPlay":false,"sceneViewState":{"showFog":true,"showMaterialUpdate":false,"showSkybox":true,"showFlares":true,"showImageEffects":true,"showParticleSystems":true},"in2DMode":false,"pivot":{"x":-2.64196515083313,"y":-0.1498129516839981,"z":-3.3448071479797365},"rotation":{"x":0.2922695279121399,"y":-0.1747075617313385,"z":0.05432800203561783,"w":0.938770055770874},"size":3.7288644313812258,"orthographic":false}