{"cameraMode":{"drawMode":0,"name":"Shaded","section":"Shading Mode"},"sceneLighting":true,"audioPlay":false,"sceneViewState":{"showFog":true,"showMaterialUpdate":true,"showSkybox":true,"showFlares":true,"showImageEffects":true,"showParticleSystems":true},"in2DMode":false,"pivot":{"x":3.3650131225585939,"y":-37.68967819213867,"z":-30.199039459228517},"rotation":{"x":0.35440537333488467,"y":0.25467339158058169,"z":-0.10095235705375672,"w":0.8940626978874207},"size":39.1280632019043,"orthographic":false}