{"cameraMode":{"drawMode":0,"name":"Shaded","section":"Shading Mode"},"sceneLighting":true,"audioPlay":false,"sceneViewState":{"showFog":true,"showMaterialUpdate":false,"showSkybox":true,"showFlares":true,"showImageEffects":true,"showParticleSystems":true},"in2DMode":false,"pivot":{"x":-3.496701717376709,"y":1.6026418209075928,"z":-1.413149118423462},"rotation":{"x":-0.11430134624242783,"y":0.8778486847877502,"z":-0.2603459060192108,"w":-0.3854072391986847},"size":6.344480514526367,"orthographic":false}