{"cameraMode":{"drawMode":0,"name":"Shaded","section":"Shading Mode"},"sceneLighting":false,"audioPlay":false,"sceneViewState":{"showFog":true,"showMaterialUpdate":true,"showSkybox":false,"showFlares":true,"showImageEffects":true,"showParticleSystems":true},"in2DMode":false,"pivot":{"x":18.50524139404297,"y":2.032896041870117,"z":32.3635139465332},"rotation":{"x":0.19375808537006379,"y":0.5358911156654358,"z":-0.12791313230991364,"w":0.8117406368255615},"size":41.17417907714844,"orthographic":false}