{"cameraMode":{"drawMode":0,"name":"Shaded","section":"Shading Mode"},"sceneLighting":true,"audioPlay":false,"sceneViewState":{"showFog":true,"showMaterialUpdate":true,"showSkybox":true,"showFlares":true,"showImageEffects":true,"showParticleSystems":true},"in2DMode":false,"pivot":{"x":-24.29835319519043,"y":6.170749664306641,"z":-67.59317016601563},"rotation":{"x":0.137828528881073,"y":0.0261410903185606,"z":-0.004374105948954821,"w":0.9903003573417664},"size":5.076536655426025,"orthographic":false}