{"cameraMode":{"drawMode":0,"name":"Shaded","section":"Shading Mode"},"sceneLighting":true,"audioPlay":false,"sceneViewState":{"showFog":true,"showMaterialUpdate":true,"showSkybox":false,"showFlares":true,"showImageEffects":true,"showParticleSystems":true},"in2DMode":false,"pivot":{"x":112.69660186767578,"y":-89.45329284667969,"z":178.1018829345703},"rotation":{"x":0.2495344579219818,"y":0.2687184512615204,"z":-0.07229264080524445,"w":0.9275246858596802},"size":99.1473159790039,"orthographic":false}