{"cameraMode":{"drawMode":0,"name":"Shaded","section":"Shading Mode"},"sceneLighting":false,"audioPlay":false,"sceneViewState":{"showFog":true,"showMaterialUpdate":true,"showSkybox":false,"showFlares":true,"showImageEffects":true,"showParticleSystems":true},"in2DMode":false,"pivot":{"x":0.0000010728836059570313,"y":1.082717776298523,"z":-0.09600241482257843},"rotation":{"x":-0.1385730803012848,"y":0.297502338886261,"z":-0.04369289055466652,"w":-0.9436289072036743},"size":1.6287963390350342,"orthographic":false}