{"cameraMode":{"drawMode":0,"name":"Shaded","section":"Shading Mode"},"sceneLighting":true,"audioPlay":false,"sceneViewState":{"showFog":true,"showMaterialUpdate":true,"showSkybox":true,"showFlares":true,"showImageEffects":true,"showParticleSystems":true},"in2DMode":false,"pivot":{"x":32.71100997924805,"y":-14.95834732055664,"z":50.49183654785156},"rotation":{"x":0.12605831027030946,"y":0.8593924045562744,"z":-0.25486937165260317,"w":0.425032377243042},"size":23.348806381225587,"orthographic":false}