{"cameraMode":{"drawMode":0,"name":"Shaded","section":"Shading Mode"},"sceneLighting":false,"audioPlay":false,"sceneViewState":{"showFog":true,"showMaterialUpdate":true,"showSkybox":false,"showFlares":true,"showImageEffects":true,"showParticleSystems":true},"in2DMode":false,"pivot":{"x":9.5367431640625e-7,"y":0.9022648334503174,"z":-0.08000199496746063},"rotation":{"x":0.011639593169093132,"y":0.9834064841270447,"z":-0.16769318282604218,"w":0.06825544685125351},"size":1.357330083847046,"orthographic":false}