{"cameraMode":{"drawMode":0,"name":"Shaded","section":"Shading Mode"},"sceneLighting":true,"audioPlay":false,"sceneViewState":{"showFog":true,"showMaterialUpdate":false,"showSkybox":true,"showFlares":true,"showImageEffects":true,"showParticleSystems":true},"in2DMode":false,"pivot":{"x":-1.89180326461792,"y":-17.85224723815918,"z":23.499670028686525},"rotation":{"x":-0.2971184551715851,"y":-0.029504412785172464,"z":0.009181003086268902,"w":-0.9543805122375488},"size":21.748472213745118,"orthographic":false}