{"cameraMode":{"drawMode":0,"name":"Shaded","section":"Shading Mode"},"sceneLighting":true,"audioPlay":false,"sceneViewState":{"showFog":true,"showMaterialUpdate":false,"showSkybox":true,"showFlares":true,"showImageEffects":true,"showParticleSystems":true},"in2DMode":false,"pivot":{"x":-7.054418563842773,"y":1.1502360105514527,"z":1.9307588338851929},"rotation":{"x":-0.262790709733963,"y":0.2750776708126068,"z":-0.07844789326190949,"w":-0.9214765429496765},"size":5.544332027435303,"orthographic":false}