{"cameraMode":{"drawMode":0,"name":"Shaded","section":"Shading Mode"},"sceneLighting":true,"audioPlay":false,"sceneViewState":{"showFog":true,"showMaterialUpdate":false,"showSkybox":true,"showFlares":true,"showImageEffects":true,"showParticleSystems":true},"in2DMode":false,"pivot":{"x":-1.3601890802383423,"y":1.3315541744232178,"z":-3.8914666175842287},"rotation":{"x":0.002131851390004158,"y":0.9792383313179016,"z":-0.20290014147758485,"w":0.010700283572077752},"size":0.9833261370658875,"orthographic":false}