{"cameraMode":{"drawMode":0,"name":"Shaded","section":"Shading Mode"},"sceneLighting":true,"audioPlay":false,"sceneViewState":{"showFog":true,"showMaterialUpdate":false,"showSkybox":true,"showFlares":true,"showImageEffects":true,"showParticleSystems":true},"in2DMode":false,"pivot":{"x":-2.6424992084503176,"y":1.4682276248931885,"z":-0.2724888324737549},"rotation":{"x":-0.17761029303073884,"y":-0.18420347571372987,"z":0.03386394679546356,"w":-0.9661146402359009},"size":3.6926028728485109,"orthographic":false}