{"cameraMode":{"drawMode":0,"name":"Shaded","section":"Shading Mode"},"sceneLighting":false,"audioPlay":false,"sceneViewState":{"showFog":true,"showMaterialUpdate":false,"showSkybox":false,"showFlares":true,"showImageEffects":true,"showParticleSystems":true},"in2DMode":false,"pivot":{"x":-0.318609356880188,"y":-0.2621992528438568,"z":0.2000332623720169},"rotation":{"x":-0.13736937940120698,"y":0.7741328477859497,"z":-0.17987816035747529,"w":-0.5911908745765686},"size":0.4748039245605469,"orthographic":false}