{"cameraMode":{"drawMode":0,"name":"Shaded","section":"Shading Mode"},"sceneLighting":false,"audioPlay":false,"sceneViewState":{"showFog":true,"showMaterialUpdate":true,"showSkybox":false,"showFlares":true,"showImageEffects":true,"showParticleSystems":true},"in2DMode":false,"pivot":{"x":0.0000010728836059570313,"y":1.082717776298523,"z":-0.09600241482257843},"rotation":{"x":-0.02465660683810711,"y":0.9746434688568115,"z":-0.13716048002243043,"w":-0.17522607743740083},"size":1.6287963390350342,"orthographic":false}