{"cameraMode":{"drawMode":0,"name":"Shaded","section":"Shading Mode"},"sceneLighting":true,"audioPlay":false,"sceneViewState":{"showFog":true,"showMaterialUpdate":true,"showSkybox":true,"showFlares":true,"showImageEffects":true,"showParticleSystems":true},"in2DMode":false,"pivot":{"x":86.9229507446289,"y":-185.30490112304688,"z":-70.29619598388672},"rotation":{"x":0.19090577960014344,"y":0.8016320466995239,"z":-0.33876141905784609,"w":0.45445218682289126},"size":143.81947326660157,"orthographic":false}