{"cameraMode":{"drawMode":0,"name":"Shaded","section":"Shading Mode"},"sceneLighting":true,"audioPlay":false,"sceneViewState":{"showFog":true,"showMaterialUpdate":false,"showSkybox":true,"showFlares":true,"showImageEffects":true,"showParticleSystems":true},"in2DMode":false,"pivot":{"x":-8.568724632263184,"y":-26.918012619018556,"z":13.848390579223633},"rotation":{"x":-0.43444591760635378,"y":0.16540482640266419,"z":-0.08143900334835053,"w":-0.8816981911659241},"size":21.022672653198243,"orthographic":false}