{"cameraMode":{"drawMode":0,"name":"Shaded","section":"Shading Mode"},"sceneLighting":true,"audioPlay":false,"sceneViewState":{"showFog":true,"showMaterialUpdate":true,"showSkybox":true,"showFlares":true,"showImageEffects":true,"showParticleSystems":true},"in2DMode":false,"pivot":{"x":-4.687084197998047,"y":-45.75082015991211,"z":-35.79047775268555},"rotation":{"x":0.4262157380580902,"y":0.21101434528827668,"z":-0.1029481366276741,"w":0.8736228346824646},"size":38.65505599975586,"orthographic":false}