{"cameraMode":{"drawMode":0,"name":"Shaded","section":"Shading Mode"},"sceneLighting":false,"audioPlay":false,"sceneViewState":{"showFog":true,"showMaterialUpdate":true,"showSkybox":false,"showFlares":true,"showImageEffects":true,"showParticleSystems":true},"in2DMode":false,"pivot":{"x":-1.5,"y":1.0750000476837159,"z":-4.499999046325684},"rotation":{"x":-0.1685156524181366,"y":0.32358187437057497,"z":-0.05867564678192139,"w":-0.9292269349098206},"size":1.2247449159622193,"orthographic":false}