{"cameraMode":{"drawMode":0,"name":"Shaded","section":"Shading Mode"},"sceneLighting":true,"audioPlay":false,"sceneViewState":{"showFog":true,"showMaterialUpdate":false,"showSkybox":true,"showFlares":true,"showImageEffects":true,"showParticleSystems":true},"in2DMode":false,"pivot":{"x":1.3472723960876465,"y":-18.288806915283204,"z":24.42559051513672},"rotation":{"x":-0.32292261719703677,"y":-0.009051916189491749,"z":0.0031519606709480287,"w":-0.946443498134613},"size":22.818099975585939,"orthographic":false}