{"cameraMode":{"drawMode":0,"name":"Shaded","section":"Shading Mode"},"sceneLighting":true,"audioPlay":false,"sceneViewState":{"showFog":true,"showMaterialUpdate":true,"showSkybox":true,"showFlares":true,"showImageEffects":true,"showParticleSystems":true},"in2DMode":false,"pivot":{"x":34.98522186279297,"y":3.684898853302002,"z":65.42730712890625},"rotation":{"x":-0.12460736185312271,"y":-0.851393461227417,"z":0.2345450073480606,"w":-0.4523671269416809},"size":3.6247448921203615,"orthographic":false}