{"cameraMode":{"drawMode":0,"name":"Shaded","section":"Shading Mode"},"sceneLighting":true,"audioPlay":false,"sceneViewState":{"showFog":true,"showMaterialUpdate":true,"showSkybox":true,"showFlares":true,"showImageEffects":true,"showParticleSystems":true},"in2DMode":false,"pivot":{"x":100.34765625,"y":-7.9557037353515629,"z":47.94373321533203},"rotation":{"x":-0.2502066493034363,"y":0.5525983572006226,"z":-0.17751526832580567,"w":-0.775317907333374},"size":46.6734733581543,"orthographic":false}