{"cameraMode":{"drawMode":0,"name":"Shaded","section":"Shading Mode"},"sceneLighting":false,"audioPlay":false,"sceneViewState":{"showFog":true,"showMaterialUpdate":true,"showSkybox":false,"showFlares":true,"showImageEffects":true,"showParticleSystems":true},"in2DMode":false,"pivot":{"x":-20.73725128173828,"y":5.554624557495117,"z":-71.0723876953125},"rotation":{"x":0.22369861602783204,"y":0.12098193913698197,"z":-0.027995383366942407,"w":0.9667161107063294},"size":5.151382923126221,"orthographic":false}