{"cameraMode":{"drawMode":0,"name":"Shaded","section":"Shading Mode"},"sceneLighting":false,"audioPlay":false,"sceneViewState":{"showFog":true,"showMaterialUpdate":true,"showSkybox":false,"showFlares":true,"showImageEffects":true,"showParticleSystems":true},"in2DMode":false,"pivot":{"x":-5.960464477539063e-7,"y":1.0851192474365235,"z":-0.09773321449756623},"rotation":{"x":0.06248285621404648,"y":0.895063579082489,"z":-0.13281922042369843,"w":0.4211587905883789},"size":1.5632579326629639,"orthographic":false}