{"cameraMode":{"drawMode":0,"name":"Shaded","section":"Shading Mode"},"sceneLighting":true,"audioPlay":false,"sceneViewState":{"showFog":true,"showMaterialUpdate":false,"showSkybox":true,"showFlares":true,"showImageEffects":true,"showParticleSystems":true},"in2DMode":false,"pivot":{"x":-2.4216694831848146,"y":1.8720588684082032,"z":-2.370248317718506},"rotation":{"x":-0.36205053329467776,"y":-0.16592319309711457,"z":0.06565877050161362,"w":-0.9149202108383179},"size":5.444479942321777,"orthographic":false}