{"cameraMode":{"drawMode":0,"name":"Shaded","section":"Shading Mode"},"sceneLighting":false,"audioPlay":false,"sceneViewState":{"showFog":true,"showMaterialUpdate":true,"showSkybox":false,"showFlares":true,"showImageEffects":true,"showParticleSystems":true},"in2DMode":false,"pivot":{"x":0.0000010728836059570313,"y":1.082717776298523,"z":0.025947988033294679},"rotation":{"x":0.011639593169093132,"y":0.9834064841270447,"z":-0.16769318282604218,"w":0.06825544685125351},"size":1.3077306747436524,"orthographic":false}