{"cameraMode":{"drawMode":0,"name":"Shaded","section":"Shading Mode"},"sceneLighting":true,"audioPlay":false,"sceneViewState":{"showFog":true,"showMaterialUpdate":true,"showSkybox":true,"showFlares":true,"showImageEffects":true,"showParticleSystems":true},"in2DMode":false,"pivot":{"x":34.15433883666992,"y":3.7335760593414308,"z":69.33065795898438},"rotation":{"x":0.06248285621404648,"y":0.895063579082489,"z":-0.13281922042369843,"w":0.4211587905883789},"size":1.3397759199142457,"orthographic":false}