{"cameraMode":{"drawMode":0,"name":"Shaded","section":"Shading Mode"},"sceneLighting":true,"audioPlay":false,"sceneViewState":{"showFog":true,"showMaterialUpdate":true,"showSkybox":true,"showFlares":true,"showImageEffects":true,"showParticleSystems":true},"in2DMode":false,"pivot":{"x":36.83308410644531,"y":1.8711493015289307,"z":63.160465240478519},"rotation":{"x":-0.0773354321718216,"y":0.884684145450592,"z":-0.1585301011800766,"w":-0.43159791827201846},"size":1.2247449159622193,"orthographic":false}