{"cameraMode":{"drawMode":0,"name":"Shaded","section":"Shading Mode"},"sceneLighting":true,"audioPlay":false,"sceneViewState":{"showFog":true,"showMaterialUpdate":true,"showSkybox":false,"showFlares":true,"showImageEffects":true,"showParticleSystems":true},"in2DMode":false,"pivot":{"x":89.59110260009766,"y":-12.200335502624512,"z":28.420900344848634},"rotation":{"x":0.4081690311431885,"y":0.07108709216117859,"z":-0.031899042427539828,"w":0.9095785021781921},"size":58.720703125,"orthographic":false}