{"cameraMode":{"drawMode":0,"name":"Shaded","section":"Shading Mode"},"sceneLighting":true,"audioPlay":false,"sceneViewState":{"showFog":true,"showMaterialUpdate":false,"showSkybox":true,"showFlares":true,"showImageEffects":true,"showParticleSystems":true},"in2DMode":false,"pivot":{"x":-4.121962547302246,"y":-25.69573211669922,"z":17.589305877685548},"rotation":{"x":-0.47047337889671328,"y":0.1075550988316536,"z":-0.05783291161060333,"w":-0.8739957809448242},"size":21.453693389892579,"orthographic":false}